GoalListFile,Soulcalibur Practice,
Create a new list item,U,44
Reaction drills vs Zas (5 min),U,8
Play Ranked vs 1 Person,R,0
List improvement points,R,34
22BB:A just frame (1 min),U,2
Hit Confirms (5 min),C,0
Create new reaction list item,R,9
Reaction drills vs Sieg (5 min),U,36
List punishable moves for a character,R,12
Review and update list items,R,3
Dodge Sieg A+B (5 min),C,21
Reaction drills vs Mina (5 min),U,0
Reaction drills vs Groh (5 min),U,16
Test Hilde Combos vs a Character,C,0
CA6; 2A+B CH confirms (2 min),C,0
Reaction drills vs Azwel(Axe) (5 min),U,4
Reaction drills vs Nightmare (5 min),C,15
Random Move to Gameplan,U,12